participant,info,day1score,day2score
p1,g2m,70.60319,91.89943
p2,g2m,82.75465,93.9066
p3,g1f,67.46557,92.60625
p4,g2m,103.92921,85.55689
p5,g2m,84.94262,100.09425
p6,g2m,67.69297,91.11875
p7,g1f,69.86754,86.11668